ratio,cent_y,cent_x,eccentricity,solidity,skew_x,skew_y,kurt_x,kurt_y
0.10217669654289373,0.4857919446503583,0.46772993088782566,0.9662844535575146,0.12030150753768844,0.24221865852287286,-0.18864780325455313,-1.5187320557777992,-0.13604108058486375
